station_id,name,lat,lon,max_capacity
1,Station_0001,32.058323,34.815431,21
2,Station_0002,32.135211,34.78759,18
3,Station_0003,32.124426,34.771377,36
4,Station_0004,32.116155,34.796722,36
5,Station_0005,32.060519,34.830707,33
6,Station_0006,32.046675,34.746803,15
7,Station_0007,32.13056,34.741957,37
8,Station_0008,32.120409,34.733927,30
9,Station_0009,32.130993,34.75643,31
10,Station_0010,32.052329,34.774129,20
11,Station_0011,32.110818,34.733142,19
12,Station_0012,32.040563,34.807028,18
13,Station_0013,32.050727,34.816511,14
14,Station_0014,32.05869,34.80581,32
15,Station_0015,32.106495,34.799565,38
16,Station_0016,32.096311,34.816917,25
17,Station_0017,32.116882,34.802157,20
18,Station_0018,32.096522,34.732506,12
19,Station_0019,32.130532,34.757332,28
20,Station_0020,32.091077,34.758742,11
21,Station_0021,32.095277,34.73389,36
22,Station_0022,32.074896,34.768828,15
23,Station_0023,32.05058,34.760106,12
24,Station_0024,32.08825,34.778836,38
25,Station_0025,32.035689,34.750208,15
26,Station_0026,32.075944,34.768179,36
27,Station_0027,32.066261,34.775995,28
28,Station_0028,32.039699,34.828128,36
29,Station_0029,32.051358,34.828379,14
30,Station_0030,32.132618,34.81749,34
31,Station_0031,32.077915,34.768767,11
32,Station_0032,32.102001,34.824057,40
33,Station_0033,32.12089,34.7554,13
34,Station_0034,32.106406,34.819984,27
35,Station_0035,32.065774,34.786773,39
36,Station_0036,32.079715,34.814699,15
37,Station_0037,32.133921,34.737605,22
38,Station_0038,32.09094,34.791462,35
39,Station_0039,32.108021,34.747288,16
40,Station_0040,32.086886,34.74557,26
41,Station_0041,32.102665,34.82204,31
42,Station_0042,32.110849,34.828179,33
43,Station_0043,32.123453,34.738882,29
44,Station_0044,32.121162,34.782594,23
45,Station_0045,32.062629,34.775664,36
46,Station_0046,32.04546,34.753297,21
47,Station_0047,32.121963,34.768434,13
48,Station_0048,32.116903,34.806841,23
49,Station_0049,32.125415,34.772908,23
50,Station_0050,32.107056,34.815864,29
51,Station_0051,32.045937,34.789745,37
52,Station_0052,32.050114,34.791959,27
53,Station_0053,32.12474,34.781385,23
54,Station_0054,32.057138,34.775457,36
55,Station_0055,32.102911,34.767029,34
56,Station_0056,32.12272,34.736042,38
57,Station_0057,32.111992,34.814236,22
58,Station_0058,32.061323,34.784914,19
59,Station_0059,32.045864,34.737077,40
60,Station_0060,32.09128,34.755132,27
61,Station_0061,32.116095,34.739521,24
62,Station_0062,32.063247,34.736179,16
63,Station_0063,32.085618,34.805101,25
64,Station_0064,32.036547,34.753385,23
65,Station_0065,32.115158,34.774555,25
66,Station_0066,32.073333,34.760387,40
67,Station_0067,32.119204,34.83123,11
68,Station_0068,32.103237,34.820538,38
69,Station_0069,32.103449,34.807199,30
70,Station_0070,32.085792,34.76877,24
71,Station_0071,32.095392,34.763756,30
72,Station_0072,32.060205,34.758326,17
73,Station_0073,32.119572,34.822762,22
74,Station_0074,32.065907,34.781447,29
75,Station_0075,32.078598,34.738303,35
76,Station_0076,32.051483,34.812793,20
77,Station_0077,32.037501,34.82741,18
78,Station_0078,32.081056,34.794022,21
79,Station_0079,32.112148,34.777141,24
80,Station_0080,32.054045,34.738134,34
81,Station_0081,32.118863,34.830576,31
82,Station_0082,32.092038,34.81021,12
83,Station_0083,32.120352,34.748398,30
84,Station_0084,32.0514,34.738815,13
85,Station_0085,32.058802,34.750541,13
86,Station_0086,32.072691,34.733669,27
87,Station_0087,32.09038,34.784877,21
88,Station_0088,32.087562,34.781077,38
89,Station_0089,32.098064,34.751853,36
90,Station_0090,32.122968,34.764546,18
91,Station_0091,32.129125,34.786769,11
92,Station_0092,32.104653,34.733449,19
93,Station_0093,32.039357,34.816494,29
94,Station_0094,32.104166,34.733765,40
95,Station_0095,32.039039,34.791703,24
96,Station_0096,32.119554,34.736778,10
97,Station_0097,32.119367,34.771334,21
98,Station_0098,32.050929,34.809915,30
99,Station_0099,32.067744,34.738877,22
100,Station_0100,32.066303,34.733211,18
101,Station_0101,32.045146,34.796322,39
102,Station_0102,32.053958,34.820918,17
103,Station_0103,32.042161,34.740298,30
104,Station_0104,32.081081,34.761376,31
105,Station_0105,32.094848,34.798603,32
106,Station_0106,32.071553,34.811158,14
107,Station_0107,32.05676,34.737084,11
108,Station_0108,32.131578,34.750664,28
109,Station_0109,32.117982,34.739742,21
110,Station_0110,32.087317,34.796007,18
111,Station_0111,32.088486,34.781942,38
112,Station_0112,32.085613,34.778436,34
113,Station_0113,32.126703,34.811956,34
114,Station_0114,32.083264,34.821248,38
115,Station_0115,32.04044,34.807374,39
116,Station_0116,32.073224,34.763575,37
117,Station_0117,32.116724,34.800326,35
118,Station_0118,32.083464,34.744001,31
119,Station_0119,32.116304,34.749709,31
120,Station_0120,32.072019,34.790444,30
121,Station_0121,32.051956,34.771808,27
122,Station_0122,32.106811,34.804954,23
123,Station_0123,32.057395,34.814713,35
124,Station_0124,32.078034,34.78628,38
125,Station_0125,32.093735,34.759638,21
126,Station_0126,32.112152,34.796673,38
127,Station_0127,32.041995,34.744229,38
128,Station_0128,32.062836,34.797526,19
129,Station_0129,32.099163,34.803498,13
130,Station_0130,32.047387,34.809508,30
131,Station_0131,32.121932,34.757074,12
132,Station_0132,32.103593,34.769353,15
133,Station_0133,32.116024,34.752416,32
134,Station_0134,32.083301,34.796278,22
135,Station_0135,32.078688,34.744733,15
136,Station_0136,32.07019,34.760935,32
137,Station_0137,32.107455,34.782525,19
138,Station_0138,32.11125,34.773189,15
139,Station_0139,32.086619,34.818339,12
140,Station_0140,32.113107,34.80215,29
141,Station_0141,32.132021,34.785366,18
142,Station_0142,32.113232,34.786906,29
143,Station_0143,32.108127,34.817266,26
144,Station_0144,32.089753,34.73741,11
145,Station_0145,32.07035,34.775226,14
146,Station_0146,32.087376,34.75594,35
147,Station_0147,32.116796,34.788791,34
148,Station_0148,32.080559,34.733159,24
149,Station_0149,32.039808,34.826513,26
150,Station_0150,32.040938,34.763039,14
151,Station_0151,32.12472,34.762548,25
152,Station_0152,32.04499,34.774221,33
153,Station_0153,32.120682,34.758144,16
154,Station_0154,32.09091,34.744556,10
155,Station_0155,32.076935,34.788948,23
156,Station_0156,32.064725,34.827552,16
157,Station_0157,32.079949,34.815359,11
158,Station_0158,32.129354,34.820055,33
159,Station_0159,32.095088,34.746879,27
160,Station_0160,32.111301,34.770771,19
161,Station_0161,32.044952,34.792986,29
162,Station_0162,32.083752,34.784814,34
163,Station_0163,32.077386,34.732217,39
164,Station_0164,32.087996,34.752521,38
165,Station_0165,32.102386,34.749507,25
166,Station_0166,32.089173,34.815313,28
167,Station_0167,32.042777,34.818866,12
168,Station_0168,32.049866,34.75423,26
169,Station_0169,32.121622,34.75584,18
170,Station_0170,32.119639,34.789054,36
171,Station_0171,32.115108,34.743227,23
172,Station_0172,32.077347,34.812522,19
173,Station_0173,32.126456,34.800245,22
174,Station_0174,32.109848,34.772214,24
175,Station_0175,32.038473,34.759448,20
176,Station_0176,32.086287,34.770313,23
177,Station_0177,32.091149,34.741307,30
178,Station_0178,32.064934,34.822076,36
179,Station_0179,32.07954,34.749193,32
180,Station_0180,32.058672,34.792028,39
181,Station_0181,32.081936,34.753314,14
182,Station_0182,32.071339,34.828445,28
183,Station_0183,32.096898,34.809686,22
184,Station_0184,32.111226,34.764194,25
185,Station_0185,32.050301,34.740693,12
186,Station_0186,32.047681,34.812319,15
187,Station_0187,32.045902,34.785163,40
188,Station_0188,32.106396,34.793296,12
189,Station_0189,32.087975,34.758836,14
190,Station_0190,32.133433,34.774348,13
191,Station_0191,32.127491,34.740231,36
192,Station_0192,32.050618,34.791239,15
193,Station_0193,32.057443,34.760189,30
194,Station_0194,32.105528,34.814761,22
195,Station_0195,32.108077,34.811082,15
196,Station_0196,32.080642,34.82367,10
197,Station_0197,32.039207,34.748175,30
198,Station_0198,32.056661,34.795347,40
199,Station_0199,32.038977,34.742761,30
200,Station_0200,32.053808,34.764607,29
201,Station_0201,32.043343,34.810145,35
202,Station_0202,32.121534,34.739439,33
203,Station_0203,32.061729,34.737396,23
204,Station_0204,32.080533,34.79854,10
205,Station_0205,32.073266,34.747533,28
206,Station_0206,32.096698,34.828436,26
207,Station_0207,32.108094,34.758409,15
208,Station_0208,32.113447,34.790996,30
209,Station_0209,32.050053,34.786825,37
210,Station_0210,32.06416,34.753393,16
211,Station_0211,32.037895,34.741907,28
212,Station_0212,32.048541,34.792288,37
213,Station_0213,32.060734,34.756969,10
214,Station_0214,32.103576,34.756917,18
215,Station_0215,32.086134,34.740181,21
216,Station_0216,32.11916,34.781662,36
217,Station_0217,32.055015,34.782387,20
218,Station_0218,32.06028,34.759634,18
219,Station_0219,32.074628,34.740762,11
220,Station_0220,32.036924,34.789103,12
221,Station_0221,32.114869,34.786549,27
222,Station_0222,32.071244,34.812056,21
223,Station_0223,32.074458,34.7768,40
224,Station_0224,32.076625,34.771742,23
225,Station_0225,32.046784,34.818759,22
226,Station_0226,32.088609,34.784218,31
227,Station_0227,32.111323,34.794293,19
228,Station_0228,32.061445,34.764244,40
229,Station_0229,32.093747,34.760578,38
230,Station_0230,32.122342,34.755938,23
231,Station_0231,32.084736,34.801015,19
232,Station_0232,32.075742,34.830142,32
233,Station_0233,32.134716,34.787145,30
234,Station_0234,32.03761,34.803219,27
235,Station_0235,32.120456,34.803618,32
236,Station_0236,32.056465,34.820892,38
237,Station_0237,32.125986,34.795834,27
238,Station_0238,32.098357,34.804342,26
239,Station_0239,32.040253,34.736191,37
240,Station_0240,32.059273,34.770105,16
241,Station_0241,32.099775,34.808013,26
242,Station_0242,32.03813,34.792106,35
243,Station_0243,32.049475,34.805569,15
244,Station_0244,32.06233,34.761554,20
245,Station_0245,32.112793,34.788136,25
246,Station_0246,32.118078,34.780095,12
247,Station_0247,32.120965,34.769543,39
248,Station_0248,32.051721,34.815411,36
249,Station_0249,32.087484,34.78191,33
250,Station_0250,32.073052,34.754,38
251,Station_0251,32.06017,34.823955,31
252,Station_0252,32.070923,34.7443,15
253,Station_0253,32.097299,34.746039,17
254,Station_0254,32.052552,34.741016,35
255,Station_0255,32.040053,34.753001,15
256,Station_0256,32.073545,34.817657,36
257,Station_0257,32.060317,34.746247,28
258,Station_0258,32.082039,34.787623,30
259,Station_0259,32.081428,34.785808,12
260,Station_0260,32.091817,34.746008,11
261,Station_0261,32.042676,34.800297,11
262,Station_0262,32.093261,34.802662,16
263,Station_0263,32.083715,34.82696,24
264,Station_0264,32.063475,34.801554,40
265,Station_0265,32.043353,34.764258,31
266,Station_0266,32.120505,34.764493,27
267,Station_0267,32.127268,34.755357,18
268,Station_0268,32.086907,34.791148,13
269,Station_0269,32.045106,34.753524,26
270,Station_0270,32.083322,34.831538,26
271,Station_0271,32.109417,34.794275,14
272,Station_0272,32.042768,34.762844,37
273,Station_0273,32.134103,34.803209,21
274,Station_0274,32.052528,34.776513,21
275,Station_0275,32.06242,34.827299,19
276,Station_0276,32.053909,34.816007,39
277,Station_0277,32.041257,34.788832,14
278,Station_0278,32.091295,34.827502,38
279,Station_0279,32.065312,34.82872,28
280,Station_0280,32.096437,34.74835,31
281,Station_0281,32.062889,34.765155,27
282,Station_0282,32.106114,34.740665,33
283,Station_0283,32.084035,34.805274,11
284,Station_0284,32.122227,34.8219,34
285,Station_0285,32.12336,34.738063,14
286,Station_0286,32.118923,34.745082,35
287,Station_0287,32.063552,34.816254,18
288,Station_0288,32.118502,34.826517,22
289,Station_0289,32.05373,34.787937,28
290,Station_0290,32.107533,34.736675,29
291,Station_0291,32.096245,34.73971,37
292,Station_0292,32.093856,34.746278,27
293,Station_0293,32.058054,34.733031,29
294,Station_0294,32.045764,34.785026,36
295,Station_0295,32.124451,34.815727,12
296,Station_0296,32.075436,34.77037,24
297,Station_0297,32.049075,34.740801,37
298,Station_0298,32.037545,34.784088,30
299,Station_0299,32.036923,34.787076,12
300,Station_0300,32.086637,34.75813,39
301,Station_0301,32.069599,34.778493,31
302,Station_0302,32.10644,34.750416,22
303,Station_0303,32.116496,34.749748,26
304,Station_0304,32.081466,34.772665,11
305,Station_0305,32.120847,34.828478,20
306,Station_0306,32.111039,34.820071,23
307,Station_0307,32.101886,34.780032,36
308,Station_0308,32.06206,34.798059,26
309,Station_0309,32.06561,34.740738,28
310,Station_0310,32.09414,34.780931,20
311,Station_0311,32.103004,34.811341,14
312,Station_0312,32.123715,34.758555,38
313,Station_0313,32.051111,34.777801,37
314,Station_0314,32.082609,34.822639,26
315,Station_0315,32.073641,34.770099,33
316,Station_0316,32.098946,34.809221,36
317,Station_0317,32.09124,34.817406,19
318,Station_0318,32.046103,34.77105,15
319,Station_0319,32.035714,34.793457,35
320,Station_0320,32.064551,34.760159,34
321,Station_0321,32.038324,34.75292,17
322,Station_0322,32.076436,34.777594,40
323,Station_0323,32.0367,34.77265,12
324,Station_0324,32.07403,34.782454,22
325,Station_0325,32.103934,34.758431,22
326,Station_0326,32.048522,34.744063,30
327,Station_0327,32.12549,34.771679,38
328,Station_0328,32.104385,34.776708,14
329,Station_0329,32.08767,34.824922,37
330,Station_0330,32.063828,34.827486,13
331,Station_0331,32.061596,34.745286,23
332,Station_0332,32.058381,34.807848,13
333,Station_0333,32.040195,34.811563,36
334,Station_0334,32.073557,34.777181,35
335,Station_0335,32.038407,34.796853,37
336,Station_0336,32.120369,34.774141,23
337,Station_0337,32.074524,34.786422,23
338,Station_0338,32.038885,34.767787,12
339,Station_0339,32.073991,34.778492,24
340,Station_0340,32.045232,34.734845,13
341,Station_0341,32.110138,34.8208,22
342,Station_0342,32.102377,34.748934,15
343,Station_0343,32.096342,34.823881,30
344,Station_0344,32.126075,34.788979,40
345,Station_0345,32.099882,34.790301,40
346,Station_0346,32.056639,34.778476,40
347,Station_0347,32.05972,34.82901,36
348,Station_0348,32.051933,34.76371,35
349,Station_0349,32.124978,34.830241,30
350,Station_0350,32.104089,34.753745,36
351,Station_0351,32.103848,34.800617,37
352,Station_0352,32.10742,34.762393,14
353,Station_0353,32.060227,34.780825,35
354,Station_0354,32.115991,34.770749,13
355,Station_0355,32.121392,34.791823,33
356,Station_0356,32.133156,34.790348,32
357,Station_0357,32.126626,34.763444,40
358,Station_0358,32.086237,34.786317,34
359,Station_0359,32.098459,34.82726,14
360,Station_0360,32.057789,34.809086,37
361,Station_0361,32.117449,34.76941,34
362,Station_0362,32.075154,34.807624,24
363,Station_0363,32.093925,34.734126,36
364,Station_0364,32.087665,34.803008,40
365,Station_0365,32.079864,34.826711,37
366,Station_0366,32.099897,34.793057,26
367,Station_0367,32.093587,34.766468,19
368,Station_0368,32.129524,34.738573,13
369,Station_0369,32.064153,34.791309,11
370,Station_0370,32.046153,34.816474,40
371,Station_0371,32.042226,34.800804,16
372,Station_0372,32.051118,34.746108,29
373,Station_0373,32.10123,34.749492,31
374,Station_0374,32.123739,34.732404,15
375,Station_0375,32.130022,34.80228,25
376,Station_0376,32.113999,34.769672,13
377,Station_0377,32.119236,34.771741,10
378,Station_0378,32.101864,34.752145,37
379,Station_0379,32.093777,34.757721,26
380,Station_0380,32.12051,34.81063,22
381,Station_0381,32.120914,34.79788,12
382,Station_0382,32.115609,34.778221,40
383,Station_0383,32.058017,34.812853,29
384,Station_0384,32.084101,34.816343,11
385,Station_0385,32.091154,34.762302,10
386,Station_0386,32.128151,34.828717,21
387,Station_0387,32.132464,34.767968,12
388,Station_0388,32.106825,34.751867,32
389,Station_0389,32.130156,34.781829,10
390,Station_0390,32.067934,34.736907,11
391,Station_0391,32.082161,34.745657,27
392,Station_0392,32.103602,34.748779,13
393,Station_0393,32.084582,34.824927,29
394,Station_0394,32.036069,34.772518,21
395,Station_0395,32.124568,34.760263,10
396,Station_0396,32.095623,34.759531,19
397,Station_0397,32.133675,34.811333,15
398,Station_0398,32.079427,34.740767,28
399,Station_0399,32.110788,34.810583,15
400,Station_0400,32.102023,34.812661,39
401,Station_0401,32.088786,34.766174,30
402,Station_0402,32.095504,34.792449,36
403,Station_0403,32.116149,34.780754,10
404,Station_0404,32.046387,34.787942,26
405,Station_0405,32.060571,34.778863,13
406,Station_0406,32.091627,34.820979,35
407,Station_0407,32.036735,34.822638,34
408,Station_0408,32.063596,34.766901,35
409,Station_0409,32.126296,34.806161,21
410,Station_0410,32.12157,34.799578,19
411,Station_0411,32.062207,34.802065,34
412,Station_0412,32.086101,34.746305,10
413,Station_0413,32.095598,34.741218,14
414,Station_0414,32.05421,34.827649,12
415,Station_0415,32.092914,34.793198,18
416,Station_0416,32.115749,34.823463,33
417,Station_0417,32.06083,34.809604,34
418,Station_0418,32.071431,34.81159,18
419,Station_0419,32.107309,34.827572,19
420,Station_0420,32.058995,34.813424,39
421,Station_0421,32.040241,34.737978,35
422,Station_0422,32.068905,34.813831,26
423,Station_0423,32.055207,34.804066,12
424,Station_0424,32.080456,34.746041,11
425,Station_0425,32.057637,34.747252,11
426,Station_0426,32.081023,34.763568,30
427,Station_0427,32.055722,34.793494,18
428,Station_0428,32.082783,34.7998,29
429,Station_0429,32.041505,34.77627,25
430,Station_0430,32.037261,34.802612,10
431,Station_0431,32.055224,34.793705,22
432,Station_0432,32.096092,34.770271,34
433,Station_0433,32.122473,34.778859,16
434,Station_0434,32.050642,34.780269,21
435,Station_0435,32.077068,34.806487,28
436,Station_0436,32.082075,34.802074,24
437,Station_0437,32.04382,34.753893,21
438,Station_0438,32.069935,34.737182,33
439,Station_0439,32.125564,34.784304,36
440,Station_0440,32.073319,34.782365,12
441,Station_0441,32.131903,34.756075,28
442,Station_0442,32.07279,34.777551,27
443,Station_0443,32.129103,34.793027,25
444,Station_0444,32.060385,34.764316,34
445,Station_0445,32.111247,34.758542,10
446,Station_0446,32.090744,34.790345,40
447,Station_0447,32.099132,34.811717,22
448,Station_0448,32.135192,34.797551,40
449,Station_0449,32.047877,34.73586,31
450,Station_0450,32.089359,34.737451,38
451,Station_0451,32.054417,34.756942,17
452,Station_0452,32.049929,34.757616,11
453,Station_0453,32.083497,34.791728,29
454,Station_0454,32.047351,34.815112,39
455,Station_0455,32.070539,34.781589,36
456,Station_0456,32.104554,34.797184,28
457,Station_0457,32.056643,34.747949,24
458,Station_0458,32.121369,34.772546,21
459,Station_0459,32.092223,34.780989,20
460,Station_0460,32.112124,34.764875,35
461,Station_0461,32.098427,34.800446,36
462,Station_0462,32.080017,34.798038,35
463,Station_0463,32.124382,34.76733,36
464,Station_0464,32.130413,34.798166,34
465,Station_0465,32.134657,34.786786,14
466,Station_0466,32.070667,34.73297,22
467,Station_0467,32.111077,34.775051,19
468,Station_0468,32.072579,34.82958,35
469,Station_0469,32.065156,34.78742,23
470,Station_0470,32.123156,34.732663,10
471,Station_0471,32.087288,34.775101,10
472,Station_0472,32.03538,34.787182,20
473,Station_0473,32.083528,34.739973,12
474,Station_0474,32.097333,34.75272,33
475,Station_0475,32.111321,34.820108,37
476,Station_0476,32.036409,34.766483,11
477,Station_0477,32.054587,34.814618,24
478,Station_0478,32.052931,34.831772,24
479,Station_0479,32.055085,34.787238,32
480,Station_0480,32.076002,34.808369,34
481,Station_0481,32.060428,34.813792,26
482,Station_0482,32.088298,34.782732,14
483,Station_0483,32.135261,34.826089,18
484,Station_0484,32.091012,34.77302,23
485,Station_0485,32.075701,34.732401,18
486,Station_0486,32.064887,34.805763,10
487,Station_0487,32.122599,34.785651,35
488,Station_0488,32.060235,34.807538,15
489,Station_0489,32.069085,34.826739,25
490,Station_0490,32.080837,34.736611,15
491,Station_0491,32.05575,34.759659,28
492,Station_0492,32.057335,34.763713,39
493,Station_0493,32.043571,34.772307,37
494,Station_0494,32.095131,34.814114,10
495,Station_0495,32.127039,34.827408,14
496,Station_0496,32.061358,34.78084,18
497,Station_0497,32.079716,34.774237,25
498,Station_0498,32.112106,34.731963,38
499,Station_0499,32.05147,34.827598,39
500,Station_0500,32.12063,34.779272,32
501,Station_0501,32.063386,34.756796,36
502,Station_0502,32.082025,34.82428,20
503,Station_0503,32.049238,34.813719,26
504,Station_0504,32.048287,34.778306,18
505,Station_0505,32.053746,34.788035,27
506,Station_0506,32.049288,34.816593,18
507,Station_0507,32.05143,34.749212,40
508,Station_0508,32.116305,34.736127,38
509,Station_0509,32.115764,34.830439,25
510,Station_0510,32.041477,34.790637,29
511,Station_0511,32.128809,34.797922,40
512,Station_0512,32.107093,34.799093,32
513,Station_0513,32.067093,34.761274,25
514,Station_0514,32.043561,34.735621,15
515,Station_0515,32.11877,34.762183,25
516,Station_0516,32.12356,34.827594,19
517,Station_0517,32.117377,34.829111,34
518,Station_0518,32.073592,34.752076,36
519,Station_0519,32.10502,34.743989,38
520,Station_0520,32.085562,34.820645,38
521,Station_0521,32.078242,34.791458,11
522,Station_0522,32.03651,34.805454,34
523,Station_0523,32.113047,34.735093,10
524,Station_0524,32.125776,34.791336,35
525,Station_0525,32.057202,34.773818,17
526,Station_0526,32.092763,34.827907,17
527,Station_0527,32.117044,34.761373,14
528,Station_0528,32.059188,34.79536,30
529,Station_0529,32.056579,34.795941,25
530,Station_0530,32.086767,34.793324,33
531,Station_0531,32.051754,34.818022,34
532,Station_0532,32.086637,34.810558,13
533,Station_0533,32.049564,34.828494,18
534,Station_0534,32.105017,34.801741,12
535,Station_0535,32.092614,34.74175,24
536,Station_0536,32.065523,34.768651,34
537,Station_0537,32.036861,34.7683,35
538,Station_0538,32.046423,34.754086,37
539,Station_0539,32.09972,34.772325,27
540,Station_0540,32.044581,34.807635,20
541,Station_0541,32.13388,34.775131,23
542,Station_0542,32.04663,34.750242,24
543,Station_0543,32.067462,34.789572,17
544,Station_0544,32.116384,34.743664,29
545,Station_0545,32.078672,34.820314,17
546,Station_0546,32.046923,34.828627,33
547,Station_0547,32.060969,34.812335,29
548,Station_0548,32.114454,34.83,26
549,Station_0549,32.064089,34.813352,14
550,Station_0550,32.116462,34.766459,29
551,Station_0551,32.073567,34.808286,10
552,Station_0552,32.061184,34.777495,39
553,Station_0553,32.058684,34.786477,20
554,Station_0554,32.066872,34.783557,29
555,Station_0555,32.047055,34.804625,40
556,Station_0556,32.042446,34.819189,17
557,Station_0557,32.08517,34.797088,11
558,Station_0558,32.04959,34.753004,15
559,Station_0559,32.117477,34.757542,26
560,Station_0560,32.12322,34.749995,35
561,Station_0561,32.079794,34.77873,34
562,Station_0562,32.088008,34.829261,24
563,Station_0563,32.088528,34.775255,10
564,Station_0564,32.057548,34.7817,24
565,Station_0565,32.082751,34.779542,36
566,Station_0566,32.115819,34.786431,16
567,Station_0567,32.110611,34.811543,38
568,Station_0568,32.061043,34.753399,30
569,Station_0569,32.059892,34.779804,16
570,Station_0570,32.126409,34.793986,13
571,Station_0571,32.098611,34.767958,10
572,Station_0572,32.092099,34.768953,13
573,Station_0573,32.080224,34.807526,34
574,Station_0574,32.126873,34.811202,15
575,Station_0575,32.123601,34.807493,33
576,Station_0576,32.047481,34.806734,32
577,Station_0577,32.125956,34.759167,17
578,Station_0578,32.106767,34.736055,30
579,Station_0579,32.109343,34.799479,25
580,Station_0580,32.074402,34.796676,35
581,Station_0581,32.04784,34.733826,13
582,Station_0582,32.119694,34.792298,38
583,Station_0583,32.098307,34.74284,10
584,Station_0584,32.049006,34.75429,19
585,Station_0585,32.044396,34.811661,17
586,Station_0586,32.088823,34.78258,15
587,Station_0587,32.11148,34.792038,30
588,Station_0588,32.11975,34.790765,37
589,Station_0589,32.086458,34.826174,35
590,Station_0590,32.06541,34.752711,36
591,Station_0591,32.134595,34.753218,31
592,Station_0592,32.125848,34.775186,20
593,Station_0593,32.131476,34.791056,24
594,Station_0594,32.059775,34.806714,40
595,Station_0595,32.080413,34.818503,19
596,Station_0596,32.058836,34.764695,25
597,Station_0597,32.054508,34.79988,32
598,Station_0598,32.114046,34.818656,35
599,Station_0599,32.06837,34.755404,31
600,Station_0600,32.055442,34.78905,13
601,Station_0601,32.099929,34.827623,13
602,Station_0602,32.036002,34.744366,18
603,Station_0603,32.069244,34.78199,38
604,Station_0604,32.066734,34.748329,14
605,Station_0605,32.120708,34.764675,14
606,Station_0606,32.128227,34.769419,23
607,Station_0607,32.055846,34.734296,14
608,Station_0608,32.123107,34.784616,14
609,Station_0609,32.123901,34.753097,39
610,Station_0610,32.072747,34.731995,27
611,Station_0611,32.078211,34.814895,25
612,Station_0612,32.07361,34.763419,25
613,Station_0613,32.092093,34.781958,19
614,Station_0614,32.075382,34.808507,35
615,Station_0615,32.118143,34.797548,10
616,Station_0616,32.066205,34.759776,40
617,Station_0617,32.09009,34.811917,35
618,Station_0618,32.128986,34.746649,25
619,Station_0619,32.079893,34.771541,34
620,Station_0620,32.097323,34.74508,19
621,Station_0621,32.126948,34.763487,34
622,Station_0622,32.107551,34.816135,14
623,Station_0623,32.051121,34.779492,33
624,Station_0624,32.08722,34.812097,10
625,Station_0625,32.130157,34.761712,33
626,Station_0626,32.109146,34.743952,10
627,Station_0627,32.083623,34.742511,19
628,Station_0628,32.114286,34.741054,13
629,Station_0629,32.057785,34.761859,29
630,Station_0630,32.0805,34.756253,23
631,Station_0631,32.13528,34.802199,12
632,Station_0632,32.12532,34.762598,17
633,Station_0633,32.093847,34.748849,25
634,Station_0634,32.12133,34.818552,30
635,Station_0635,32.112943,34.755995,40
636,Station_0636,32.048466,34.780685,28
637,Station_0637,32.113032,34.758353,29
638,Station_0638,32.100605,34.736231,39
639,Station_0639,32.133417,34.82316,11
640,Station_0640,32.130964,34.794687,32
641,Station_0641,32.11213,34.812233,17
642,Station_0642,32.061818,34.764214,40
643,Station_0643,32.092768,34.778189,30
644,Station_0644,32.081062,34.821286,21
645,Station_0645,32.076928,34.795901,31
646,Station_0646,32.059939,34.808509,10
647,Station_0647,32.121487,34.828221,27
648,Station_0648,32.098818,34.752178,33
649,Station_0649,32.044728,34.804297,31
650,Station_0650,32.084876,34.810181,24
651,Station_0651,32.092524,34.830778,32
652,Station_0652,32.119127,34.751417,20
653,Station_0653,32.045695,34.734492,29
654,Station_0654,32.059244,34.768808,39
655,Station_0655,32.056936,34.752997,33
656,Station_0656,32.110114,34.823871,34
657,Station_0657,32.04032,34.818254,26
658,Station_0658,32.132353,34.783409,37
659,Station_0659,32.112261,34.770798,39
660,Station_0660,32.064985,34.821986,30
661,Station_0661,32.117363,34.735618,40
662,Station_0662,32.086739,34.784793,22
663,Station_0663,32.112016,34.761921,24
664,Station_0664,32.047176,34.825424,16
665,Station_0665,32.134947,34.809721,30
666,Station_0666,32.120595,34.758389,26
667,Station_0667,32.128933,34.784435,10
668,Station_0668,32.084936,34.778504,38
669,Station_0669,32.07194,34.821717,39
670,Station_0670,32.086985,34.798799,12
671,Station_0671,32.082385,34.777169,16
672,Station_0672,32.097714,34.828216,16
673,Station_0673,32.120526,34.770857,30
674,Station_0674,32.117189,34.756195,40
675,Station_0675,32.094648,34.80467,15
676,Station_0676,32.106966,34.795488,15
677,Station_0677,32.100358,34.786887,32
678,Station_0678,32.077008,34.736335,16
679,Station_0679,32.047786,34.764442,33
680,Station_0680,32.064564,34.746783,16
681,Station_0681,32.075579,34.822164,14
682,Station_0682,32.045033,34.804457,17
683,Station_0683,32.078091,34.804376,31
684,Station_0684,32.108674,34.768346,25
685,Station_0685,32.054865,34.818406,22
686,Station_0686,32.119541,34.825549,31
687,Station_0687,32.131574,34.796993,32
688,Station_0688,32.05636,34.812452,36
689,Station_0689,32.051926,34.737434,33
690,Station_0690,32.119287,34.772662,40
691,Station_0691,32.089962,34.79194,24
692,Station_0692,32.084505,34.809755,21
693,Station_0693,32.128417,34.798442,20
694,Station_0694,32.038567,34.767302,21
695,Station_0695,32.059535,34.820886,19
696,Station_0696,32.064584,34.757012,13
697,Station_0697,32.037697,34.735658,18
698,Station_0698,32.067978,34.828853,24
699,Station_0699,32.125636,34.791239,10
700,Station_0700,32.071807,34.753697,37
701,Station_0701,32.128056,34.804625,37
702,Station_0702,32.03972,34.774628,19
703,Station_0703,32.040971,34.820752,33
704,Station_0704,32.105695,34.804235,24
705,Station_0705,32.073,34.805638,19
706,Station_0706,32.098569,34.761805,15
707,Station_0707,32.089447,34.80614,23
708,Station_0708,32.074322,34.780994,11
709,Station_0709,32.053341,34.760346,36
710,Station_0710,32.059123,34.775704,31
711,Station_0711,32.061889,34.751911,27
712,Station_0712,32.075452,34.748192,24
713,Station_0713,32.12532,34.747641,21
714,Station_0714,32.044297,34.800288,13
715,Station_0715,32.036484,34.814209,23
716,Station_0716,32.101554,34.747518,15
717,Station_0717,32.128783,34.772533,13
718,Station_0718,32.085549,34.800565,22
719,Station_0719,32.091209,34.783193,28
720,Station_0720,32.047028,34.775799,26
721,Station_0721,32.054864,34.746556,18
722,Station_0722,32.095208,34.738386,16
723,Station_0723,32.043299,34.745381,29
724,Station_0724,32.062692,34.74899,11
725,Station_0725,32.05503,34.78474,16
726,Station_0726,32.085746,34.796899,16
727,Station_0727,32.130731,34.764597,14
728,Station_0728,32.096186,34.77343,32
729,Station_0729,32.045979,34.733878,27
730,Station_0730,32.101628,34.822276,18
731,Station_0731,32.069227,34.812066,18
732,Station_0732,32.128459,34.818056,38
733,Station_0733,32.052294,34.77936,12
734,Station_0734,32.0496,34.746544,26
735,Station_0735,32.058694,34.79896,20
736,Station_0736,32.133328,34.804616,26
737,Station_0737,32.06051,34.736564,34
738,Station_0738,32.095931,34.763458,15
739,Station_0739,32.133144,34.785244,23
740,Station_0740,32.11454,34.795043,31
741,Station_0741,32.091133,34.766348,21
742,Station_0742,32.133116,34.77317,26
743,Station_0743,32.119215,34.789995,34
744,Station_0744,32.076485,34.817557,32
745,Station_0745,32.091441,34.814216,10
746,Station_0746,32.090908,34.81339,18
747,Station_0747,32.113022,34.748025,16
748,Station_0748,32.109649,34.830878,13
749,Station_0749,32.11282,34.776814,40
750,Station_0750,32.100917,34.749344,14
751,Station_0751,32.037551,34.802132,38
752,Station_0752,32.111982,34.765286,32
753,Station_0753,32.059163,34.782029,30
754,Station_0754,32.084958,34.827997,35
755,Station_0755,32.083704,34.792539,30
756,Station_0756,32.086993,34.74789,29
757,Station_0757,32.126225,34.826566,18
758,Station_0758,32.049958,34.797974,24
759,Station_0759,32.081735,34.807087,35
760,Station_0760,32.050281,34.772532,35
761,Station_0761,32.069573,34.801138,15
762,Station_0762,32.067004,34.783765,12
763,Station_0763,32.103057,34.781731,15
764,Station_0764,32.037191,34.786836,17
765,Station_0765,32.092499,34.792009,13
766,Station_0766,32.11125,34.765852,26
767,Station_0767,32.133082,34.759166,34
768,Station_0768,32.0417,34.812179,27
769,Station_0769,32.071557,34.828432,30
770,Station_0770,32.040944,34.78753,25
771,Station_0771,32.048375,34.769838,21
772,Station_0772,32.102819,34.751,31
773,Station_0773,32.042133,34.785232,36
774,Station_0774,32.049367,34.748153,34
775,Station_0775,32.068793,34.8292,37
776,Station_0776,32.059172,34.74857,28
777,Station_0777,32.129728,34.799479,38
778,Station_0778,32.130931,34.763454,30
779,Station_0779,32.08931,34.823611,14
780,Station_0780,32.076495,34.746637,10
781,Station_0781,32.039394,34.778087,16
782,Station_0782,32.116678,34.785008,24
783,Station_0783,32.097429,34.761745,11
784,Station_0784,32.088038,34.793755,12
785,Station_0785,32.048594,34.797196,34
786,Station_0786,32.093034,34.789351,24
787,Station_0787,32.06493,34.779898,14
788,Station_0788,32.105903,34.80847,29
789,Station_0789,32.041228,34.798984,36
790,Station_0790,32.125832,34.776238,38
791,Station_0791,32.105231,34.797065,19
792,Station_0792,32.051908,34.777212,24
793,Station_0793,32.060099,34.807132,15
794,Station_0794,32.043921,34.821358,33
795,Station_0795,32.059709,34.759011,20
796,Station_0796,32.050698,34.770184,15
797,Station_0797,32.057714,34.766701,40
798,Station_0798,32.113104,34.789144,26
799,Station_0799,32.122903,34.752163,12
800,Station_0800,32.128046,34.830716,19
801,Station_0801,32.095774,34.824796,14
802,Station_0802,32.064495,34.781571,27
803,Station_0803,32.082484,34.74615,24
804,Station_0804,32.062657,34.810026,33
805,Station_0805,32.111091,34.811385,18
806,Station_0806,32.085295,34.744959,33
807,Station_0807,32.086885,34.794366,33
808,Station_0808,32.104852,34.779102,19
809,Station_0809,32.094135,34.793462,25
810,Station_0810,32.06009,34.830972,40
811,Station_0811,32.097324,34.796082,17
812,Station_0812,32.066406,34.73909,37
813,Station_0813,32.084499,34.806207,39
814,Station_0814,32.070465,34.756529,25
815,Station_0815,32.1316,34.755441,34
816,Station_0816,32.132689,34.805923,30
817,Station_0817,32.124567,34.779584,39
818,Station_0818,32.044161,34.75347,25
819,Station_0819,32.070978,34.816113,40
820,Station_0820,32.131362,34.737553,11
821,Station_0821,32.132975,34.830687,39
822,Station_0822,32.088585,34.766557,24
823,Station_0823,32.039124,34.783092,13
824,Station_0824,32.08872,34.769625,13
825,Station_0825,32.047409,34.796634,12
826,Station_0826,32.046923,34.786684,10
827,Station_0827,32.064927,34.739178,39
828,Station_0828,32.08855,34.762698,39
829,Station_0829,32.118619,34.7993,26
830,Station_0830,32.113563,34.764491,22
831,Station_0831,32.067238,34.764092,20
832,Station_0832,32.109817,34.803901,12
833,Station_0833,32.089526,34.782207,31
834,Station_0834,32.072081,34.809653,21
835,Station_0835,32.129797,34.748157,32
836,Station_0836,32.098174,34.789829,31
837,Station_0837,32.092056,34.740244,14
838,Station_0838,32.100851,34.758694,24
839,Station_0839,32.11632,34.792913,37
840,Station_0840,32.044641,34.816987,17
841,Station_0841,32.061105,34.814348,38
842,Station_0842,32.101332,34.740362,26
843,Station_0843,32.102613,34.800178,17
844,Station_0844,32.110092,34.815626,23
845,Station_0845,32.12745,34.732731,37
846,Station_0846,32.118221,34.771946,38
847,Station_0847,32.04608,34.738091,10
848,Station_0848,32.063752,34.783047,37
849,Station_0849,32.106071,34.734462,35
850,Station_0850,32.06129,34.763647,22
851,Station_0851,32.105334,34.738486,17
852,Station_0852,32.120472,34.798937,35
853,Station_0853,32.114356,34.732373,30
854,Station_0854,32.116969,34.735856,24
855,Station_0855,32.076973,34.811068,20
856,Station_0856,32.118233,34.741636,39
857,Station_0857,32.088488,34.829805,17
858,Station_0858,32.0388,34.774925,24
859,Station_0859,32.109328,34.831214,28
860,Station_0860,32.098659,34.830534,34
861,Station_0861,32.113396,34.799479,19
862,Station_0862,32.135115,34.742961,38
863,Station_0863,32.070705,34.776229,17
864,Station_0864,32.054356,34.803496,33
865,Station_0865,32.135204,34.752205,19
866,Station_0866,32.066684,34.774673,27
867,Station_0867,32.068794,34.786606,36
868,Station_0868,32.126519,34.775264,22
869,Station_0869,32.086223,34.775686,24
870,Station_0870,32.10614,34.82124,28
871,Station_0871,32.128228,34.800668,18
872,Station_0872,32.128983,34.823175,32
873,Station_0873,32.094045,34.814173,14
874,Station_0874,32.125994,34.785526,29
875,Station_0875,32.046719,34.73711,10
876,Station_0876,32.114207,34.800499,24
877,Station_0877,32.075543,34.815344,34
878,Station_0878,32.052014,34.818991,40
879,Station_0879,32.122016,34.810033,30
880,Station_0880,32.108815,34.815083,15
881,Station_0881,32.097275,34.749613,32
882,Station_0882,32.088465,34.803984,28
883,Station_0883,32.039893,34.736255,35
884,Station_0884,32.120787,34.738101,28
885,Station_0885,32.129063,34.759614,19
886,Station_0886,32.065807,34.742236,21
887,Station_0887,32.129987,34.788305,29
888,Station_0888,32.09502,34.790725,10
889,Station_0889,32.133189,34.822015,22
890,Station_0890,32.127825,34.823086,15
891,Station_0891,32.053143,34.795883,28
892,Station_0892,32.105329,34.744505,37
893,Station_0893,32.064432,34.740063,18
894,Station_0894,32.126667,34.749149,19
895,Station_0895,32.084552,34.80582,15
896,Station_0896,32.119771,34.810124,17
897,Station_0897,32.110597,34.798807,31
898,Station_0898,32.084449,34.753867,10
899,Station_0899,32.107066,34.821177,26
900,Station_0900,32.062636,34.77418,24
901,Station_0901,32.125041,34.821135,32
902,Station_0902,32.048338,34.77643,33
903,Station_0903,32.070188,34.751607,40
904,Station_0904,32.095179,34.732579,38
905,Station_0905,32.105826,34.738904,38
906,Station_0906,32.070187,34.821295,15
907,Station_0907,32.079889,34.829255,26
908,Station_0908,32.101103,34.742159,32
909,Station_0909,32.067869,34.830005,23
910,Station_0910,32.082925,34.830773,11
911,Station_0911,32.071925,34.753156,25
912,Station_0912,32.109961,34.771298,11
913,Station_0913,32.130583,34.828167,39
914,Station_0914,32.082304,34.778682,30
915,Station_0915,32.054142,34.822422,17
916,Station_0916,32.085707,34.786125,29
917,Station_0917,32.082453,34.742842,24
918,Station_0918,32.10795,34.822136,31
919,Station_0919,32.063641,34.751791,36
920,Station_0920,32.035753,34.744519,20
921,Station_0921,32.074283,34.762872,39
922,Station_0922,32.126635,34.783283,25
923,Station_0923,32.051062,34.762391,15
924,Station_0924,32.067099,34.744547,17
925,Station_0925,32.105793,34.796218,13
926,Station_0926,32.087929,34.807495,23
927,Station_0927,32.081008,34.753785,32
928,Station_0928,32.078456,34.788446,39
929,Station_0929,32.112787,34.787969,11
930,Station_0930,32.096509,34.774672,40
931,Station_0931,32.084889,34.807618,37
932,Station_0932,32.084949,34.77387,29
933,Station_0933,32.107081,34.786305,18
934,Station_0934,32.132321,34.775398,36
935,Station_0935,32.052484,34.746314,38
936,Station_0936,32.099857,34.803193,10
937,Station_0937,32.054207,34.769847,40
938,Station_0938,32.065416,34.751034,24
939,Station_0939,32.08603,34.809095,24
940,Station_0940,32.109594,34.768253,26
941,Station_0941,32.087383,34.775836,14
942,Station_0942,32.054983,34.735337,24
943,Station_0943,32.110158,34.765711,31
944,Station_0944,32.1037,34.765827,29
945,Station_0945,32.12818,34.814729,31
946,Station_0946,32.058814,34.737735,39
947,Station_0947,32.125318,34.824104,35
948,Station_0948,32.074051,34.788386,11
949,Station_0949,32.058636,34.736353,19
950,Station_0950,32.103612,34.786364,34
951,Station_0951,32.057667,34.75069,26
952,Station_0952,32.112942,34.751781,24
953,Station_0953,32.102468,34.762295,19
954,Station_0954,32.108969,34.826485,37
955,Station_0955,32.107027,34.759986,21
956,Station_0956,32.093881,34.791568,20
957,Station_0957,32.125058,34.79637,12
958,Station_0958,32.058534,34.74211,33
959,Station_0959,32.087206,34.831242,19
960,Station_0960,32.078263,34.817901,34
961,Station_0961,32.064243,34.810903,33
962,Station_0962,32.062195,34.810468,13
963,Station_0963,32.094492,34.814426,12
964,Station_0964,32.046913,34.780104,35
965,Station_0965,32.116535,34.822466,25
966,Station_0966,32.101894,34.790259,13
967,Station_0967,32.076116,34.796743,17
968,Station_0968,32.113658,34.762936,12
969,Station_0969,32.134855,34.778379,37
970,Station_0970,32.079202,34.737118,23
971,Station_0971,32.067402,34.802115,17
972,Station_0972,32.0386,34.769891,13
973,Station_0973,32.108629,34.772605,17
974,Station_0974,32.124448,34.748128,27
975,Station_0975,32.093361,34.785081,34
976,Station_0976,32.074811,34.757877,40
977,Station_0977,32.111175,34.761174,17
978,Station_0978,32.078848,34.81539,14
979,Station_0979,32.100846,34.781928,34
980,Station_0980,32.093404,34.778785,24
981,Station_0981,32.122687,34.736391,12
982,Station_0982,32.06977,34.792079,23
983,Station_0983,32.068996,34.810221,10
984,Station_0984,32.12827,34.815599,35
985,Station_0985,32.085481,34.81076,18
986,Station_0986,32.057517,34.825051,22
987,Station_0987,32.058884,34.811306,16
988,Station_0988,32.038131,34.826069,19
989,Station_0989,32.083453,34.815063,30
990,Station_0990,32.097121,34.771801,19
991,Station_0991,32.043112,34.757913,15
992,Station_0992,32.134994,34.814802,18
993,Station_0993,32.051766,34.735498,29
994,Station_0994,32.11415,34.767169,34
995,Station_0995,32.1188,34.732905,32
996,Station_0996,32.091392,34.784726,26
997,Station_0997,32.117896,34.779814,24
998,Station_0998,32.059739,34.798878,40
999,Station_0999,32.099085,34.778581,31
1000,Station_1000,32.102641,34.822351,37
